carrier,orders,avg_delivery,on_time_rate
CarrierA,1202,5.0898502495840265,0.7121464226289518
CarrierC,1267,5.0907655880031575,0.7166535122336227
CarrierB,1290,5.175968992248062,0.7356589147286822
CarrierD,1241,5.220789685737309,0.7082997582594682
