product_category,orders,avg_order_value,avg_profit,avg_margin
Apparel,839,150.81100119189512,63.16258641239571,0.3195208581644815
Home,834,148.93938848920862,62.05592326139089,0.30530455635491605
Sports,846,147.50632387706855,61.784787234042554,0.3452387706855792
Toys,871,148.78598163030998,60.855132032146955,0.3282996555683123
Beauty,788,146.9441497461929,60.55253807106599,0.32406218274111676
Electronics,822,154.86442822384427,56.985827250608274,0.27240997566909975
