origin_warehouse,orders,avg_delivery,on_time_rate
WH_Central,987,5.03951367781155,0.7325227963525835
WH_East,1013,5.104639684106614,0.7107601184600197
WH_West,985,5.127918781725889,0.7187817258883249
WH_South,966,5.212215320910973,0.7101449275362319
WH_North,1049,5.236415633937083,0.7197330791229742
